﻿<?xml version="1.0"?>
<manifest identifier="LIM" version="1.1"
 xmlns="http://www.imsproject.org/xsd/imscp_rootv1p1p2" 
 xmlns:adlcp="http://www.adlnet.org/xsd/adlcp_rootv1p2"
 xmlns:xsi="http://www.w3.org/2001/XMLSchema-instance" 
 xsi:schemaLocation="http://www.imsproject.org/xsd/imscp_rootv1p1p2     imscp_rootv1p1p2.xsd 
 http://www.adlnet.org/xsd/adlcp_rootv1p2 adlcp_rootv1p2.xsd">	
 <metadata>
 <schema>ADL SCORM</schema>
 <schemaversion>1.2</schemaversion>
  
 </metadata>
  <organizations default="TOC1">
    <organization identifier="TOC1">
      <title>LIM</title>
      <item identifier="ITEM1" identifierref="RESOURCE1">
        <title>componentes</title>
      </item>
    </organization>
  </organizations>
  <resources>
       	<resource identifier="RESOURCE1" type="webcontent" adlcp:scormtype="sco" href="componentes.html">
      <metadata>
        <schema>ADL SCORM</schema>
        <schemaversion>1.2</schemaversion>
      </metadata>
	 <file href="componentes.html" />
<file href="html.tlm" />
<file href="sclim/ad.png" />
<file href="sclim/ad_1.png" />
<file href="sclim/am.png" />
<file href="sclim/am_1.png" />
<file href="sclim/at.png" />
<file href="sclim/at_1.png" />
<file href="sclim/av.mp3" />
<file href="sclim/av.ogg" />
<file href="sclim/av_1.mp3" />
<file href="sclim/av_1.ogg" />
<file href="sclim/ben.mp3" />
<file href="sclim/ben.ogg" />
<file href="sclim/ben_1.mp3" />
<file href="sclim/ben_1.ogg" />
<file href="sclim/c.png" />
<file href="sclim/c_1.png" />
<file href="sclim/Escolar8.ttf" />
<file href="sclim/Escolar8_1.ttf" />
<file href="sclim/in.png" />
<file href="sclim/in_1.png" />
<file href="sclim/l.png" />
<file href="sclim/lang.js" />
<file href="sclim/lang_1.js" />
<file href="sclim/lim-px.css" />
<file href="sclim/lim-px_1.css" />
<file href="sclim/lim.css" />
<file href="sclim/limjs.js" />
<file href="sclim/limjs_1.js" />
<file href="sclim/lim_1.css" />
<file href="sclim/l_1.png" />
<file href="sclim/mal.mp3" />
<file href="sclim/mal.ogg" />
<file href="sclim/mal_1.mp3" />
<file href="sclim/mal_1.ogg" />
<file href="sclim/p.png" />
<file href="sclim/pre.gif" />
<file href="sclim/pre_1.gif" />
<file href="sclim/p_1.png" />
<file href="componentes.lim" />
<file href="scormlim.js" />
	
    </resource>
  </resources>
</manifest>
